"Name","URI","Region GSS code","Period","Sales volume","Reporting period","House price index All property types","House price index Detached houses","House price index Semi-detached houses","House price index Terraced houses","House price index Flats and maisonettes","Pivotable date"
London,http://landregistry.data.gov.uk/id/region/london,E12000007,1968-04,,quarterly,1.1,,,,,1968-04-01
London,http://landregistry.data.gov.uk/id/region/london,E12000007,1968-05,,quarterly,1.1,,,,,1968-05-01
London,http://landregistry.data.gov.uk/id/region/london,E12000007,1968-06,,quarterly,1.1,,,,,1968-06-01
London,http://landregistry.data.gov.uk/id/region/london,E12000007,1968-07,,quarterly,1.13,,,,,1968-07-01
London,http://landregistry.data.gov.uk/id/region/london,E12000007,1968-08,,quarterly,1.13,,,,,1968-08-01
London,http://landregistry.data.gov.uk/id/region/london,E12000007,1968-09,,quarterly,1.13,,,,,1968-09-01
London,http://landregistry.data.gov.uk/id/region/london,E12000007,1968-10,,quarterly,1.1,,,,,1968-10-01
London,http://landregistry.data.gov.uk/id/region/london,E12000007,1968-11,,quarterly,1.1,,,,,1968-11-01
London,http://landregistry.data.gov.uk/id/region/london,E12000007,1968-12,,quarterly,1.1,,,,,1968-12-01
London,http://landregistry.data.gov.uk/id/region/london,E12000007,1969-01,,quarterly,1.14,,,,,1969-01-01
London,http://landregistry.data.gov.uk/id/region/london,E12000007,1969-02,,quarterly,1.14,,,,,1969-02-01
London,http://landregistry.data.gov.uk/id/region/london,E12000007,1969-03,,quarterly,1.14,,,,,1969-03-01
London,http://landregistry.data.gov.uk/id/region/london,E12000007,1969-04,,quarterly,1.12,,,,,1969-04-01
London,http://landregistry.data.gov.uk/id/region/london,E12000007,1969-05,,quarterly,1.12,,,,,1969-05-01
London,http://landregistry.data.gov.uk/id/region/london,E12000007,1969-06,,quarterly,1.12,,,,,1969-06-01
London,http://landregistry.data.gov.uk/id/region/london,E12000007,1969-07,,quarterly,1.15,,,,,1969-07-01
London,http://landregistry.data.gov.uk/id/region/london,E12000007,1969-08,,quarterly,1.15,,,,,1969-08-01
London,http://landregistry.data.gov.uk/id/region/london,E12000007,1969-09,,quarterly,1.15,,,,,1969-09-01
London,http://landregistry.data.gov.uk/id/region/london,E12000007,1969-10,,quarterly,1.15,,,,,1969-10-01
London,http://landregistry.data.gov.uk/id/region/london,E12000007,1969-11,,quarterly,1.15,,,,,1969-11-01
London,http://landregistry.data.gov.uk/id/region/london,E12000007,1969-12,,quarterly,1.15,,,,,1969-12-01
London,http://landregistry.data.gov.uk/id/region/london,E12000007,1970-01,,quarterly,1.23,,,,,1970-01-01
London,http://landregistry.data.gov.uk/id/region/london,E12000007,1970-02,,quarterly,1.23,,,,,1970-02-01
London,http://landregistry.data.gov.uk/id/region/london,E12000007,1970-03,,quarterly,1.23,,,,,1970-03-01
London,http://landregistry.data.gov.uk/id/region/london,E12000007,1970-04,,quarterly,1.2,,,,,1970-04-01
London,http://landregistry.data.gov.uk/id/region/london,E12000007,1970-05,,quarterly,1.2,,,,,1970-05-01
London,http://landregistry.data.gov.uk/id/region/london,E12000007,1970-06,,quarterly,1.2,,,,,1970-06-01
London,http://landregistry.data.gov.uk/id/region/london,E12000007,1970-07,,quarterly,1.29,,,,,1970-07-01
London,http://landregistry.data.gov.uk/id/region/london,E12000007,1970-08,,quarterly,1.29,,,,,1970-08-01
London,http://landregistry.data.gov.uk/id/region/london,E12000007,1970-09,,quarterly,1.29,,,,,1970-09-01
London,http://landregistry.data.gov.uk/id/region/london,E12000007,1970-10,,quarterly,1.3,,,,,1970-10-01
London,http://landregistry.data.gov.uk/id/region/london,E12000007,1970-11,,quarterly,1.3,,,,,1970-11-01
London,http://landregistry.data.gov.uk/id/region/london,E12000007,1970-12,,quarterly,1.3,,,,,1970-12-01
London,http://landregistry.data.gov.uk/id/region/london,E12000007,1971-01,,quarterly,1.33,,,,,1971-01-01
London,http://landregistry.data.gov.uk/id/region/london,E12000007,1971-02,,quarterly,1.33,,,,,1971-02-01
London,http://landregistry.data.gov.uk/id/region/london,E12000007,1971-03,,quarterly,1.33,,,,,1971-03-01
London,http://landregistry.data.gov.uk/id/region/london,E12000007,1971-04,,quarterly,1.42,,,,,1971-04-01
London,http://landregistry.data.gov.uk/id/region/london,E12000007,1971-05,,quarterly,1.42,,,,,1971-05-01
London,http://landregistry.data.gov.uk/id/region/london,E12000007,1971-06,,quarterly,1.42,,,,,1971-06-01
London,http://landregistry.data.gov.uk/id/region/london,E12000007,1971-07,,quarterly,1.48,,,,,1971-07-01
London,http://landregistry.data.gov.uk/id/region/london,E12000007,1971-08,,quarterly,1.48,,,,,1971-08-01
London,http://landregistry.data.gov.uk/id/region/london,E12000007,1971-09,,quarterly,1.48,,,,,1971-09-01
London,http://landregistry.data.gov.uk/id/region/london,E12000007,1971-10,,quarterly,1.57,,,,,1971-10-01
London,http://landregistry.data.gov.uk/id/region/london,E12000007,1971-11,,quarterly,1.57,,,,,1971-11-01
London,http://landregistry.data.gov.uk/id/region/london,E12000007,1971-12,,quarterly,1.57,,,,,1971-12-01
London,http://landregistry.data.gov.uk/id/region/london,E12000007,1972-01,,quarterly,1.75,,,,,1972-01-01
London,http://landregistry.data.gov.uk/id/region/london,E12000007,1972-02,,quarterly,1.75,,,,,1972-02-01
London,http://landregistry.data.gov.uk/id/region/london,E12000007,1972-03,,quarterly,1.75,,,,,1972-03-01
London,http://landregistry.data.gov.uk/id/region/london,E12000007,1972-04,,quarterly,1.96,,,,,1972-04-01
London,http://landregistry.data.gov.uk/id/region/london,E12000007,1972-05,,quarterly,1.96,,,,,1972-05-01
London,http://landregistry.data.gov.uk/id/region/london,E12000007,1972-06,,quarterly,1.96,,,,,1972-06-01
London,http://landregistry.data.gov.uk/id/region/london,E12000007,1972-07,,quarterly,2.22,,,,,1972-07-01
London,http://landregistry.data.gov.uk/id/region/london,E12000007,1972-08,,quarterly,2.22,,,,,1972-08-01
London,http://landregistry.data.gov.uk/id/region/london,E12000007,1972-09,,quarterly,2.22,,,,,1972-09-01
London,http://landregistry.data.gov.uk/id/region/london,E12000007,1972-10,,quarterly,2.49,,,,,1972-10-01
London,http://landregistry.data.gov.uk/id/region/london,E12000007,1972-11,,quarterly,2.49,,,,,1972-11-01
London,http://landregistry.data.gov.uk/id/region/london,E12000007,1972-12,,quarterly,2.49,,,,,1972-12-01
London,http://landregistry.data.gov.uk/id/region/london,E12000007,1973-01,,quarterly,2.61,,,,,1973-01-01
London,http://landregistry.data.gov.uk/id/region/london,E12000007,1973-02,,quarterly,2.61,,,,,1973-02-01
London,http://landregistry.data.gov.uk/id/region/london,E12000007,1973-03,,quarterly,2.61,,,,,1973-03-01
London,http://landregistry.data.gov.uk/id/region/london,E12000007,1973-04,,quarterly,2.65,,,,,1973-04-01
London,http://landregistry.data.gov.uk/id/region/london,E12000007,1973-05,,quarterly,2.65,,,,,1973-05-01
London,http://landregistry.data.gov.uk/id/region/london,E12000007,1973-06,,quarterly,2.65,,,,,1973-06-01
London,http://landregistry.data.gov.uk/id/region/london,E12000007,1973-07,,quarterly,2.78,,,,,1973-07-01
London,http://landregistry.data.gov.uk/id/region/london,E12000007,1973-08,,quarterly,2.78,,,,,1973-08-01
London,http://landregistry.data.gov.uk/id/region/london,E12000007,1973-09,,quarterly,2.78,,,,,1973-09-01
London,http://landregistry.data.gov.uk/id/region/london,E12000007,1973-10,,quarterly,2.7,,,,,1973-10-01
London,http://landregistry.data.gov.uk/id/region/london,E12000007,1973-11,,quarterly,2.7,,,,,1973-11-01
London,http://landregistry.data.gov.uk/id/region/london,E12000007,1973-12,,quarterly,2.7,,,,,1973-12-01
London,http://landregistry.data.gov.uk/id/region/london,E12000007,1974-01,,quarterly,2.8,,,,,1974-01-01
London,http://landregistry.data.gov.uk/id/region/london,E12000007,1974-02,,quarterly,2.8,,,,,1974-02-01
London,http://landregistry.data.gov.uk/id/region/london,E12000007,1974-03,,quarterly,2.8,,,,,1974-03-01
London,http://landregistry.data.gov.uk/id/region/london,E12000007,1974-04,,quarterly,2.7,,,,,1974-04-01
London,http://landregistry.data.gov.uk/id/region/london,E12000007,1974-05,,quarterly,2.7,,,,,1974-05-01
London,http://landregistry.data.gov.uk/id/region/london,E12000007,1974-06,,quarterly,2.7,,,,,1974-06-01
London,http://landregistry.data.gov.uk/id/region/london,E12000007,1974-07,,quarterly,2.68,,,,,1974-07-01
London,http://landregistry.data.gov.uk/id/region/london,E12000007,1974-08,,quarterly,2.68,,,,,1974-08-01
London,http://landregistry.data.gov.uk/id/region/london,E12000007,1974-09,,quarterly,2.68,,,,,1974-09-01
London,http://landregistry.data.gov.uk/id/region/london,E12000007,1974-10,,quarterly,2.79,,,,,1974-10-01
London,http://landregistry.data.gov.uk/id/region/london,E12000007,1974-11,,quarterly,2.79,,,,,1974-11-01
London,http://landregistry.data.gov.uk/id/region/london,E12000007,1974-12,,quarterly,2.79,,,,,1974-12-01
London,http://landregistry.data.gov.uk/id/region/london,E12000007,1975-01,,quarterly,2.67,,,,,1975-01-01
London,http://landregistry.data.gov.uk/id/region/london,E12000007,1975-02,,quarterly,2.67,,,,,1975-02-01
London,http://landregistry.data.gov.uk/id/region/london,E12000007,1975-03,,quarterly,2.67,,,,,1975-03-01
London,http://landregistry.data.gov.uk/id/region/london,E12000007,1975-04,,quarterly,2.83,,,,,1975-04-01
London,http://landregistry.data.gov.uk/id/region/london,E12000007,1975-05,,quarterly,2.83,,,,,1975-05-01
London,http://landregistry.data.gov.uk/id/region/london,E12000007,1975-06,,quarterly,2.83,,,,,1975-06-01
London,http://landregistry.data.gov.uk/id/region/london,E12000007,1975-07,,quarterly,2.91,,,,,1975-07-01
London,http://landregistry.data.gov.uk/id/region/london,E12000007,1975-08,,quarterly,2.91,,,,,1975-08-01
London,http://landregistry.data.gov.uk/id/region/london,E12000007,1975-09,,quarterly,2.91,,,,,1975-09-01
London,http://landregistry.data.gov.uk/id/region/london,E12000007,1975-10,,quarterly,2.81,,,,,1975-10-01
London,http://landregistry.data.gov.uk/id/region/london,E12000007,1975-11,,quarterly,2.81,,,,,1975-11-01
London,http://landregistry.data.gov.uk/id/region/london,E12000007,1975-12,,quarterly,2.81,,,,,1975-12-01
London,http://landregistry.data.gov.uk/id/region/london,E12000007,1976-01,,quarterly,2.9,,,,,1976-01-01
London,http://landregistry.data.gov.uk/id/region/london,E12000007,1976-02,,quarterly,2.9,,,,,1976-02-01
London,http://landregistry.data.gov.uk/id/region/london,E12000007,1976-03,,quarterly,2.9,,,,,1976-03-01
London,http://landregistry.data.gov.uk/id/region/london,E12000007,1976-04,,quarterly,3.01,,,,,1976-04-01
London,http://landregistry.data.gov.uk/id/region/london,E12000007,1976-05,,quarterly,3.01,,,,,1976-05-01
London,http://landregistry.data.gov.uk/id/region/london,E12000007,1976-06,,quarterly,3.01,,,,,1976-06-01
London,http://landregistry.data.gov.uk/id/region/london,E12000007,1976-07,,quarterly,3.0,,,,,1976-07-01
London,http://landregistry.data.gov.uk/id/region/london,E12000007,1976-08,,quarterly,3.0,,,,,1976-08-01
London,http://landregistry.data.gov.uk/id/region/london,E12000007,1976-09,,quarterly,3.0,,,,,1976-09-01
London,http://landregistry.data.gov.uk/id/region/london,E12000007,1976-10,,quarterly,3.1,,,,,1976-10-01
London,http://landregistry.data.gov.uk/id/region/london,E12000007,1976-11,,quarterly,3.1,,,,,1976-11-01
London,http://landregistry.data.gov.uk/id/region/london,E12000007,1976-12,,quarterly,3.1,,,,,1976-12-01
London,http://landregistry.data.gov.uk/id/region/london,E12000007,1977-01,,quarterly,3.19,,,,,1977-01-01
London,http://landregistry.data.gov.uk/id/region/london,E12000007,1977-02,,quarterly,3.19,,,,,1977-02-01
London,http://landregistry.data.gov.uk/id/region/london,E12000007,1977-03,,quarterly,3.19,,,,,1977-03-01
London,http://landregistry.data.gov.uk/id/region/london,E12000007,1977-04,,quarterly,3.08,,,,,1977-04-01
London,http://landregistry.data.gov.uk/id/region/london,E12000007,1977-05,,quarterly,3.08,,,,,1977-05-01
London,http://landregistry.data.gov.uk/id/region/london,E12000007,1977-06,,quarterly,3.08,,,,,1977-06-01
London,http://landregistry.data.gov.uk/id/region/london,E12000007,1977-07,,quarterly,3.27,,,,,1977-07-01
London,http://landregistry.data.gov.uk/id/region/london,E12000007,1977-08,,quarterly,3.27,,,,,1977-08-01
London,http://landregistry.data.gov.uk/id/region/london,E12000007,1977-09,,quarterly,3.27,,,,,1977-09-01
London,http://landregistry.data.gov.uk/id/region/london,E12000007,1977-10,,quarterly,3.31,,,,,1977-10-01
London,http://landregistry.data.gov.uk/id/region/london,E12000007,1977-11,,quarterly,3.31,,,,,1977-11-01
London,http://landregistry.data.gov.uk/id/region/london,E12000007,1977-12,,quarterly,3.31,,,,,1977-12-01
London,http://landregistry.data.gov.uk/id/region/london,E12000007,1978-01,,quarterly,3.48,,,,,1978-01-01
London,http://landregistry.data.gov.uk/id/region/london,E12000007,1978-02,,quarterly,3.48,,,,,1978-02-01
London,http://landregistry.data.gov.uk/id/region/london,E12000007,1978-03,,quarterly,3.48,,,,,1978-03-01
London,http://landregistry.data.gov.uk/id/region/london,E12000007,1978-04,,quarterly,3.8,,,,,1978-04-01
London,http://landregistry.data.gov.uk/id/region/london,E12000007,1978-05,,quarterly,3.8,,,,,1978-05-01
London,http://landregistry.data.gov.uk/id/region/london,E12000007,1978-06,,quarterly,3.8,,,,,1978-06-01
London,http://landregistry.data.gov.uk/id/region/london,E12000007,1978-07,,quarterly,3.97,,,,,1978-07-01
London,http://landregistry.data.gov.uk/id/region/london,E12000007,1978-08,,quarterly,3.97,,,,,1978-08-01
London,http://landregistry.data.gov.uk/id/region/london,E12000007,1978-09,,quarterly,3.97,,,,,1978-09-01
London,http://landregistry.data.gov.uk/id/region/london,E12000007,1978-10,,quarterly,4.17,,,,,1978-10-01
London,http://landregistry.data.gov.uk/id/region/london,E12000007,1978-11,,quarterly,4.17,,,,,1978-11-01
London,http://landregistry.data.gov.uk/id/region/london,E12000007,1978-12,,quarterly,4.17,,,,,1978-12-01
London,http://landregistry.data.gov.uk/id/region/london,E12000007,1979-01,,quarterly,4.69,,,,,1979-01-01
London,http://landregistry.data.gov.uk/id/region/london,E12000007,1979-02,,quarterly,4.69,,,,,1979-02-01
London,http://landregistry.data.gov.uk/id/region/london,E12000007,1979-03,,quarterly,4.69,,,,,1979-03-01
London,http://landregistry.data.gov.uk/id/region/london,E12000007,1979-04,,quarterly,5.0,,,,,1979-04-01
London,http://landregistry.data.gov.uk/id/region/london,E12000007,1979-05,,quarterly,5.0,,,,,1979-05-01
London,http://landregistry.data.gov.uk/id/region/london,E12000007,1979-06,,quarterly,5.0,,,,,1979-06-01
London,http://landregistry.data.gov.uk/id/region/london,E12000007,1979-07,,quarterly,5.29,,,,,1979-07-01
London,http://landregistry.data.gov.uk/id/region/london,E12000007,1979-08,,quarterly,5.29,,,,,1979-08-01
London,http://landregistry.data.gov.uk/id/region/london,E12000007,1979-09,,quarterly,5.29,,,,,1979-09-01
London,http://landregistry.data.gov.uk/id/region/london,E12000007,1979-10,,quarterly,5.64,,,,,1979-10-01
London,http://landregistry.data.gov.uk/id/region/london,E12000007,1979-11,,quarterly,5.64,,,,,1979-11-01
London,http://landregistry.data.gov.uk/id/region/london,E12000007,1979-12,,quarterly,5.64,,,,,1979-12-01
London,http://landregistry.data.gov.uk/id/region/london,E12000007,1980-01,,quarterly,5.97,,,,,1980-01-01
London,http://landregistry.data.gov.uk/id/region/london,E12000007,1980-02,,quarterly,5.97,,,,,1980-02-01
London,http://landregistry.data.gov.uk/id/region/london,E12000007,1980-03,,quarterly,5.97,,,,,1980-03-01
London,http://landregistry.data.gov.uk/id/region/london,E12000007,1980-04,,quarterly,6.27,,,,,1980-04-01
London,http://landregistry.data.gov.uk/id/region/london,E12000007,1980-05,,quarterly,6.27,,,,,1980-05-01
London,http://landregistry.data.gov.uk/id/region/london,E12000007,1980-06,,quarterly,6.27,,,,,1980-06-01
London,http://landregistry.data.gov.uk/id/region/london,E12000007,1980-07,,quarterly,6.32,,,,,1980-07-01
London,http://landregistry.data.gov.uk/id/region/london,E12000007,1980-08,,quarterly,6.32,,,,,1980-08-01
London,http://landregistry.data.gov.uk/id/region/london,E12000007,1980-09,,quarterly,6.32,,,,,1980-09-01
London,http://landregistry.data.gov.uk/id/region/london,E12000007,1980-10,,quarterly,6.44,,,,,1980-10-01
London,http://landregistry.data.gov.uk/id/region/london,E12000007,1980-11,,quarterly,6.44,,,,,1980-11-01
London,http://landregistry.data.gov.uk/id/region/london,E12000007,1980-12,,quarterly,6.44,,,,,1980-12-01
London,http://landregistry.data.gov.uk/id/region/london,E12000007,1981-01,,quarterly,6.17,,,,,1981-01-01
London,http://landregistry.data.gov.uk/id/region/london,E12000007,1981-02,,quarterly,6.17,,,,,1981-02-01
London,http://landregistry.data.gov.uk/id/region/london,E12000007,1981-03,,quarterly,6.17,,,,,1981-03-01
London,http://landregistry.data.gov.uk/id/region/london,E12000007,1981-04,,quarterly,6.58,,,,,1981-04-01
London,http://landregistry.data.gov.uk/id/region/london,E12000007,1981-05,,quarterly,6.58,,,,,1981-05-01
London,http://landregistry.data.gov.uk/id/region/london,E12000007,1981-06,,quarterly,6.58,,,,,1981-06-01
London,http://landregistry.data.gov.uk/id/region/london,E12000007,1981-07,,quarterly,6.52,,,,,1981-07-01
London,http://landregistry.data.gov.uk/id/region/london,E12000007,1981-08,,quarterly,6.52,,,,,1981-08-01
London,http://landregistry.data.gov.uk/id/region/london,E12000007,1981-09,,quarterly,6.52,,,,,1981-09-01
London,http://landregistry.data.gov.uk/id/region/london,E12000007,1981-10,,quarterly,6.56,,,,,1981-10-01
London,http://landregistry.data.gov.uk/id/region/london,E12000007,1981-11,,quarterly,6.56,,,,,1981-11-01
London,http://landregistry.data.gov.uk/id/region/london,E12000007,1981-12,,quarterly,6.56,,,,,1981-12-01
London,http://landregistry.data.gov.uk/id/region/london,E12000007,1982-01,,quarterly,6.1,,,,,1982-01-01
London,http://landregistry.data.gov.uk/id/region/london,E12000007,1982-02,,quarterly,6.1,,,,,1982-02-01
London,http://landregistry.data.gov.uk/id/region/london,E12000007,1982-03,,quarterly,6.1,,,,,1982-03-01
London,http://landregistry.data.gov.uk/id/region/london,E12000007,1982-04,,quarterly,6.56,,,,,1982-04-01
London,http://landregistry.data.gov.uk/id/region/london,E12000007,1982-05,,quarterly,6.56,,,,,1982-05-01
London,http://landregistry.data.gov.uk/id/region/london,E12000007,1982-06,,quarterly,6.56,,,,,1982-06-01
London,http://landregistry.data.gov.uk/id/region/london,E12000007,1982-07,,quarterly,6.67,,,,,1982-07-01
London,http://landregistry.data.gov.uk/id/region/london,E12000007,1982-08,,quarterly,6.67,,,,,1982-08-01
London,http://landregistry.data.gov.uk/id/region/london,E12000007,1982-09,,quarterly,6.67,,,,,1982-09-01
London,http://landregistry.data.gov.uk/id/region/london,E12000007,1982-10,,quarterly,6.89,,,,,1982-10-01
London,http://landregistry.data.gov.uk/id/region/london,E12000007,1982-11,,quarterly,6.89,,,,,1982-11-01
London,http://landregistry.data.gov.uk/id/region/london,E12000007,1982-12,,quarterly,6.89,,,,,1982-12-01
London,http://landregistry.data.gov.uk/id/region/london,E12000007,1983-01,,quarterly,7.02,,,,,1983-01-01
London,http://landregistry.data.gov.uk/id/region/london,E12000007,1983-02,,quarterly,7.02,,,,,1983-02-01
London,http://landregistry.data.gov.uk/id/region/london,E12000007,1983-03,,quarterly,7.02,,,,,1983-03-01
London,http://landregistry.data.gov.uk/id/region/london,E12000007,1983-04,,quarterly,7.21,,,,,1983-04-01
London,http://landregistry.data.gov.uk/id/region/london,E12000007,1983-05,,quarterly,7.21,,,,,1983-05-01
London,http://landregistry.data.gov.uk/id/region/london,E12000007,1983-06,,quarterly,7.21,,,,,1983-06-01
London,http://landregistry.data.gov.uk/id/region/london,E12000007,1983-07,,quarterly,7.52,,,,,1983-07-01
London,http://landregistry.data.gov.uk/id/region/london,E12000007,1983-08,,quarterly,7.52,,,,,1983-08-01
London,http://landregistry.data.gov.uk/id/region/london,E12000007,1983-09,,quarterly,7.52,,,,,1983-09-01
London,http://landregistry.data.gov.uk/id/region/london,E12000007,1983-10,,quarterly,7.71,,,,,1983-10-01
London,http://landregistry.data.gov.uk/id/region/london,E12000007,1983-11,,quarterly,7.71,,,,,1983-11-01
London,http://landregistry.data.gov.uk/id/region/london,E12000007,1983-12,,quarterly,7.71,,,,,1983-12-01
London,http://landregistry.data.gov.uk/id/region/london,E12000007,1984-01,,quarterly,7.83,,,,,1984-01-01
London,http://landregistry.data.gov.uk/id/region/london,E12000007,1984-02,,quarterly,7.83,,,,,1984-02-01
London,http://landregistry.data.gov.uk/id/region/london,E12000007,1984-03,,quarterly,7.83,,,,,1984-03-01
London,http://landregistry.data.gov.uk/id/region/london,E12000007,1984-04,,quarterly,8.59,,,,,1984-04-01
London,http://landregistry.data.gov.uk/id/region/london,E12000007,1984-05,,quarterly,8.59,,,,,1984-05-01
London,http://landregistry.data.gov.uk/id/region/london,E12000007,1984-06,,quarterly,8.59,,,,,1984-06-01
London,http://landregistry.data.gov.uk/id/region/london,E12000007,1984-07,,quarterly,8.77,,,,,1984-07-01
London,http://landregistry.data.gov.uk/id/region/london,E12000007,1984-08,,quarterly,8.77,,,,,1984-08-01
London,http://landregistry.data.gov.uk/id/region/london,E12000007,1984-09,,quarterly,8.77,,,,,1984-09-01
London,http://landregistry.data.gov.uk/id/region/london,E12000007,1984-10,,quarterly,8.96,,,,,1984-10-01
London,http://landregistry.data.gov.uk/id/region/london,E12000007,1984-11,,quarterly,8.96,,,,,1984-11-01
London,http://landregistry.data.gov.uk/id/region/london,E12000007,1984-12,,quarterly,8.96,,,,,1984-12-01
London,http://landregistry.data.gov.uk/id/region/london,E12000007,1985-01,,quarterly,8.9,,,,,1985-01-01
London,http://landregistry.data.gov.uk/id/region/london,E12000007,1985-02,,quarterly,8.9,,,,,1985-02-01
London,http://landregistry.data.gov.uk/id/region/london,E12000007,1985-03,,quarterly,8.9,,,,,1985-03-01
London,http://landregistry.data.gov.uk/id/region/london,E12000007,1985-04,,quarterly,9.65,,,,,1985-04-01
London,http://landregistry.data.gov.uk/id/region/london,E12000007,1985-05,,quarterly,9.65,,,,,1985-05-01
London,http://landregistry.data.gov.uk/id/region/london,E12000007,1985-06,,quarterly,9.65,,,,,1985-06-01
London,http://landregistry.data.gov.uk/id/region/london,E12000007,1985-07,,quarterly,9.84,,,,,1985-07-01
London,http://landregistry.data.gov.uk/id/region/london,E12000007,1985-08,,quarterly,9.84,,,,,1985-08-01
London,http://landregistry.data.gov.uk/id/region/london,E12000007,1985-09,,quarterly,9.84,,,,,1985-09-01
London,http://landregistry.data.gov.uk/id/region/london,E12000007,1985-10,,quarterly,10.4,,,,,1985-10-01
London,http://landregistry.data.gov.uk/id/region/london,E12000007,1985-11,,quarterly,10.4,,,,,1985-11-01
London,http://landregistry.data.gov.uk/id/region/london,E12000007,1985-12,,quarterly,10.4,,,,,1985-12-01
London,http://landregistry.data.gov.uk/id/region/london,E12000007,1986-01,,quarterly,10.78,,,,,1986-01-01
London,http://landregistry.data.gov.uk/id/region/london,E12000007,1986-02,,quarterly,10.78,,,,,1986-02-01
London,http://landregistry.data.gov.uk/id/region/london,E12000007,1986-03,,quarterly,10.78,,,,,1986-03-01
London,http://landregistry.data.gov.uk/id/region/london,E12000007,1986-04,,quarterly,11.66,,,,,1986-04-01
London,http://landregistry.data.gov.uk/id/region/london,E12000007,1986-05,,quarterly,11.66,,,,,1986-05-01
London,http://landregistry.data.gov.uk/id/region/london,E12000007,1986-06,,quarterly,11.66,,,,,1986-06-01
London,http://landregistry.data.gov.uk/id/region/london,E12000007,1986-07,,quarterly,12.16,,,,,1986-07-01
London,http://landregistry.data.gov.uk/id/region/london,E12000007,1986-08,,quarterly,12.16,,,,,1986-08-01
London,http://landregistry.data.gov.uk/id/region/london,E12000007,1986-09,,quarterly,12.16,,,,,1986-09-01
London,http://landregistry.data.gov.uk/id/region/london,E12000007,1986-10,,quarterly,13.04,,,,,1986-10-01
London,http://landregistry.data.gov.uk/id/region/london,E12000007,1986-11,,quarterly,13.04,,,,,1986-11-01
London,http://landregistry.data.gov.uk/id/region/london,E12000007,1986-12,,quarterly,13.04,,,,,1986-12-01
London,http://landregistry.data.gov.uk/id/region/london,E12000007,1987-01,,quarterly,13.35,,,,,1987-01-01
London,http://landregistry.data.gov.uk/id/region/london,E12000007,1987-02,,quarterly,13.35,,,,,1987-02-01
London,http://landregistry.data.gov.uk/id/region/london,E12000007,1987-03,,quarterly,13.35,,,,,1987-03-01
London,http://landregistry.data.gov.uk/id/region/london,E12000007,1987-04,,quarterly,14.1,,,,,1987-04-01
London,http://landregistry.data.gov.uk/id/region/london,E12000007,1987-05,,quarterly,14.1,,,,,1987-05-01
London,http://landregistry.data.gov.uk/id/region/london,E12000007,1987-06,,quarterly,14.1,,,,,1987-06-01
London,http://landregistry.data.gov.uk/id/region/london,E12000007,1987-07,,quarterly,15.04,,,,,1987-07-01
London,http://landregistry.data.gov.uk/id/region/london,E12000007,1987-08,,quarterly,15.04,,,,,1987-08-01
London,http://landregistry.data.gov.uk/id/region/london,E12000007,1987-09,,quarterly,15.04,,,,,1987-09-01
London,http://landregistry.data.gov.uk/id/region/london,E12000007,1987-10,,quarterly,16.23,,,,,1987-10-01
London,http://landregistry.data.gov.uk/id/region/london,E12000007,1987-11,,quarterly,16.23,,,,,1987-11-01
London,http://landregistry.data.gov.uk/id/region/london,E12000007,1987-12,,quarterly,16.23,,,,,1987-12-01
London,http://landregistry.data.gov.uk/id/region/london,E12000007,1988-01,,quarterly,16.72,,,,,1988-01-01
London,http://landregistry.data.gov.uk/id/region/london,E12000007,1988-02,,quarterly,16.72,,,,,1988-02-01
London,http://landregistry.data.gov.uk/id/region/london,E12000007,1988-03,,quarterly,16.72,,,,,1988-03-01
London,http://landregistry.data.gov.uk/id/region/london,E12000007,1988-04,,quarterly,17.6,,,,,1988-04-01
London,http://landregistry.data.gov.uk/id/region/london,E12000007,1988-05,,quarterly,17.6,,,,,1988-05-01
London,http://landregistry.data.gov.uk/id/region/london,E12000007,1988-06,,quarterly,17.6,,,,,1988-06-01
London,http://landregistry.data.gov.uk/id/region/london,E12000007,1988-07,,quarterly,18.87,,,,,1988-07-01
London,http://landregistry.data.gov.uk/id/region/london,E12000007,1988-08,,quarterly,18.87,,,,,1988-08-01
London,http://landregistry.data.gov.uk/id/region/london,E12000007,1988-09,,quarterly,18.87,,,,,1988-09-01
London,http://landregistry.data.gov.uk/id/region/london,E12000007,1988-10,,quarterly,20.24,,,,,1988-10-01
London,http://landregistry.data.gov.uk/id/region/london,E12000007,1988-11,,quarterly,20.24,,,,,1988-11-01
London,http://landregistry.data.gov.uk/id/region/london,E12000007,1988-12,,quarterly,20.24,,,,,1988-12-01
London,http://landregistry.data.gov.uk/id/region/london,E12000007,1989-01,,quarterly,19.36,,,,,1989-01-01
London,http://landregistry.data.gov.uk/id/region/london,E12000007,1989-02,,quarterly,19.36,,,,,1989-02-01
London,http://landregistry.data.gov.uk/id/region/london,E12000007,1989-03,,quarterly,19.36,,,,,1989-03-01
London,http://landregistry.data.gov.uk/id/region/london,E12000007,1989-04,,quarterly,20.34,,,,,1989-04-01
London,http://landregistry.data.gov.uk/id/region/london,E12000007,1989-05,,quarterly,20.34,,,,,1989-05-01
London,http://landregistry.data.gov.uk/id/region/london,E12000007,1989-06,,quarterly,20.34,,,,,1989-06-01
London,http://landregistry.data.gov.uk/id/region/london,E12000007,1989-07,,quarterly,20.04,,,,,1989-07-01
London,http://landregistry.data.gov.uk/id/region/london,E12000007,1989-08,,quarterly,20.04,,,,,1989-08-01
London,http://landregistry.data.gov.uk/id/region/london,E12000007,1989-09,,quarterly,20.04,,,,,1989-09-01
London,http://landregistry.data.gov.uk/id/region/london,E12000007,1989-10,,quarterly,19.46,,,,,1989-10-01
London,http://landregistry.data.gov.uk/id/region/london,E12000007,1989-11,,quarterly,19.46,,,,,1989-11-01
London,http://landregistry.data.gov.uk/id/region/london,E12000007,1989-12,,quarterly,19.46,,,,,1989-12-01
London,http://landregistry.data.gov.uk/id/region/london,E12000007,1990-01,,quarterly,19.84,,,,,1990-01-01
London,http://landregistry.data.gov.uk/id/region/london,E12000007,1990-02,,quarterly,19.84,,,,,1990-02-01
London,http://landregistry.data.gov.uk/id/region/london,E12000007,1990-03,,quarterly,19.84,,,,,1990-03-01
London,http://landregistry.data.gov.uk/id/region/london,E12000007,1990-04,,quarterly,19.19,,,,,1990-04-01
London,http://landregistry.data.gov.uk/id/region/london,E12000007,1990-05,,quarterly,19.19,,,,,1990-05-01
London,http://landregistry.data.gov.uk/id/region/london,E12000007,1990-06,,quarterly,19.19,,,,,1990-06-01
London,http://landregistry.data.gov.uk/id/region/london,E12000007,1990-07,,quarterly,20.17,,,,,1990-07-01
London,http://landregistry.data.gov.uk/id/region/london,E12000007,1990-08,,quarterly,20.17,,,,,1990-08-01
London,http://landregistry.data.gov.uk/id/region/london,E12000007,1990-09,,quarterly,20.17,,,,,1990-09-01
London,http://landregistry.data.gov.uk/id/region/london,E12000007,1990-10,,quarterly,18.82,,,,,1990-10-01
London,http://landregistry.data.gov.uk/id/region/london,E12000007,1990-11,,quarterly,18.82,,,,,1990-11-01
London,http://landregistry.data.gov.uk/id/region/london,E12000007,1990-12,,quarterly,18.82,,,,,1990-12-01
London,http://landregistry.data.gov.uk/id/region/london,E12000007,1991-01,,quarterly,19.08,,,,,1991-01-01
London,http://landregistry.data.gov.uk/id/region/london,E12000007,1991-02,,quarterly,19.08,,,,,1991-02-01
London,http://landregistry.data.gov.uk/id/region/london,E12000007,1991-03,,quarterly,19.08,,,,,1991-03-01
London,http://landregistry.data.gov.uk/id/region/london,E12000007,1991-04,,quarterly,18.67,,,,,1991-04-01
London,http://landregistry.data.gov.uk/id/region/london,E12000007,1991-05,,quarterly,18.67,,,,,1991-05-01
London,http://landregistry.data.gov.uk/id/region/london,E12000007,1991-06,,quarterly,18.67,,,,,1991-06-01
London,http://landregistry.data.gov.uk/id/region/london,E12000007,1991-07,,quarterly,18.84,,,,,1991-07-01
London,http://landregistry.data.gov.uk/id/region/london,E12000007,1991-08,,quarterly,18.84,,,,,1991-08-01
London,http://landregistry.data.gov.uk/id/region/london,E12000007,1991-09,,quarterly,18.84,,,,,1991-09-01
London,http://landregistry.data.gov.uk/id/region/london,E12000007,1991-10,,quarterly,18.22,,,,,1991-10-01
London,http://landregistry.data.gov.uk/id/region/london,E12000007,1991-11,,quarterly,18.22,,,,,1991-11-01
London,http://landregistry.data.gov.uk/id/region/london,E12000007,1991-12,,quarterly,18.22,,,,,1991-12-01
London,http://landregistry.data.gov.uk/id/region/london,E12000007,1992-01,,quarterly,18.22,,,,,1992-01-01
London,http://landregistry.data.gov.uk/id/region/london,E12000007,1992-02,,quarterly,18.22,,,,,1992-02-01
London,http://landregistry.data.gov.uk/id/region/london,E12000007,1992-03,,quarterly,18.22,,,,,1992-03-01
London,http://landregistry.data.gov.uk/id/region/london,E12000007,1992-04,,quarterly,16.76,,,,,1992-04-01
London,http://landregistry.data.gov.uk/id/region/london,E12000007,1992-05,,quarterly,16.76,,,,,1992-05-01
London,http://landregistry.data.gov.uk/id/region/london,E12000007,1992-06,,quarterly,16.76,,,,,1992-06-01
London,http://landregistry.data.gov.uk/id/region/london,E12000007,1992-07,,quarterly,16.71,,,,,1992-07-01
London,http://landregistry.data.gov.uk/id/region/london,E12000007,1992-08,,quarterly,16.71,,,,,1992-08-01
London,http://landregistry.data.gov.uk/id/region/london,E12000007,1992-09,,quarterly,16.71,,,,,1992-09-01
London,http://landregistry.data.gov.uk/id/region/london,E12000007,1992-10,,quarterly,16.08,,,,,1992-10-01
London,http://landregistry.data.gov.uk/id/region/london,E12000007,1992-11,,quarterly,16.08,,,,,1992-11-01
London,http://landregistry.data.gov.uk/id/region/london,E12000007,1992-12,,quarterly,16.08,,,,,1992-12-01
London,http://landregistry.data.gov.uk/id/region/london,E12000007,1993-01,,quarterly,16.77,,,,,1993-01-01
London,http://landregistry.data.gov.uk/id/region/london,E12000007,1993-02,,quarterly,16.77,,,,,1993-02-01
London,http://landregistry.data.gov.uk/id/region/london,E12000007,1993-03,,quarterly,16.77,,,,,1993-03-01
London,http://landregistry.data.gov.uk/id/region/london,E12000007,1993-04,,quarterly,17.11,,,,,1993-04-01
London,http://landregistry.data.gov.uk/id/region/london,E12000007,1993-05,,quarterly,17.11,,,,,1993-05-01
London,http://landregistry.data.gov.uk/id/region/london,E12000007,1993-06,,quarterly,17.11,,,,,1993-06-01
London,http://landregistry.data.gov.uk/id/region/london,E12000007,1993-07,,quarterly,16.94,,,,,1993-07-01
London,http://landregistry.data.gov.uk/id/region/london,E12000007,1993-08,,quarterly,16.94,,,,,1993-08-01
London,http://landregistry.data.gov.uk/id/region/london,E12000007,1993-09,,quarterly,16.94,,,,,1993-09-01
London,http://landregistry.data.gov.uk/id/region/london,E12000007,1993-10,,quarterly,16.66,,,,,1993-10-01
London,http://landregistry.data.gov.uk/id/region/london,E12000007,1993-11,,quarterly,16.66,,,,,1993-11-01
London,http://landregistry.data.gov.uk/id/region/london,E12000007,1993-12,,quarterly,16.66,,,,,1993-12-01
London,http://landregistry.data.gov.uk/id/region/london,E12000007,1994-01,,quarterly,16.79,,,,,1994-01-01
London,http://landregistry.data.gov.uk/id/region/london,E12000007,1994-02,,quarterly,16.79,,,,,1994-02-01
London,http://landregistry.data.gov.uk/id/region/london,E12000007,1994-03,,quarterly,16.79,,,,,1994-03-01
London,http://landregistry.data.gov.uk/id/region/london,E12000007,1994-04,,quarterly,18.12,,,,,1994-04-01
London,http://landregistry.data.gov.uk/id/region/london,E12000007,1994-05,,quarterly,18.12,,,,,1994-05-01
London,http://landregistry.data.gov.uk/id/region/london,E12000007,1994-06,,quarterly,18.12,,,,,1994-06-01
London,http://landregistry.data.gov.uk/id/region/london,E12000007,1994-07,,quarterly,18.19,,,,,1994-07-01
London,http://landregistry.data.gov.uk/id/region/london,E12000007,1994-08,,quarterly,18.19,,,,,1994-08-01
London,http://landregistry.data.gov.uk/id/region/london,E12000007,1994-09,,quarterly,18.19,,,,,1994-09-01
London,http://landregistry.data.gov.uk/id/region/london,E12000007,1994-10,,quarterly,17.6,,,,,1994-10-01
London,http://landregistry.data.gov.uk/id/region/london,E12000007,1994-11,,quarterly,17.6,,,,,1994-11-01
London,http://landregistry.data.gov.uk/id/region/london,E12000007,1994-12,,quarterly,17.6,,,,,1994-12-01
London,http://landregistry.data.gov.uk/id/region/london,E12000007,1995-01,7506,monthly,18.48,21.72,20.32,18.02,17.86,1995-01-01
London,http://landregistry.data.gov.uk/id/region/london,E12000007,1995-02,6873,monthly,18.07,21.18,20.36,18.04,16.68,1995-02-01
London,http://landregistry.data.gov.uk/id/region/london,E12000007,1995-03,9639,monthly,18.34,20.99,20.13,17.99,17.74,1995-03-01
London,http://landregistry.data.gov.uk/id/region/london,E12000007,1995-04,8053,monthly,18.48,21.11,20.17,18.09,17.99,1995-04-01
London,http://landregistry.data.gov.uk/id/region/london,E12000007,1995-05,9293,monthly,18.72,21.36,20.5,18.36,18.16,1995-05-01
London,http://landregistry.data.gov.uk/id/region/london,E12000007,1995-06,10150,monthly,18.77,21.29,20.46,18.26,18.44,1995-06-01
London,http://landregistry.data.gov.uk/id/region/london,E12000007,1995-07,9445,monthly,18.86,21.78,20.68,18.53,18.18,1995-07-01
London,http://landregistry.data.gov.uk/id/region/london,E12000007,1995-08,9965,monthly,18.75,21.65,20.57,18.36,18.13,1995-08-01
London,http://landregistry.data.gov.uk/id/region/london,E12000007,1995-09,9249,monthly,18.6,21.5,20.37,18.25,17.97,1995-09-01
London,http://landregistry.data.gov.uk/id/region/london,E12000007,1995-10,8586,monthly,18.44,21.56,20.32,17.92,17.91,1995-10-01
London,http://landregistry.data.gov.uk/id/region/london,E12000007,1995-11,8930,monthly,18.4,21.14,20.16,17.88,17.99,1995-11-01
London,http://landregistry.data.gov.uk/id/region/london,E12000007,1995-12,9161,monthly,18.66,21.36,20.43,18.16,18.25,1995-12-01
London,http://landregistry.data.gov.uk/id/region/london,E12000007,1996-01,7690,monthly,18.7,21.51,20.43,18.28,18.2,1996-01-01
London,http://landregistry.data.gov.uk/id/region/london,E12000007,1996-02,7608,monthly,18.89,21.48,20.66,18.37,18.51,1996-02-01
London,http://landregistry.data.gov.uk/id/region/london,E12000007,1996-03,9815,monthly,18.79,21.67,20.57,18.35,18.27,1996-03-01
London,http://landregistry.data.gov.uk/id/region/london,E12000007,1996-04,9416,monthly,19.06,21.56,20.64,18.53,18.84,1996-04-01
London,http://landregistry.data.gov.uk/id/region/london,E12000007,1996-05,11110,monthly,19.17,21.59,20.84,18.82,18.69,1996-05-01
London,http://landregistry.data.gov.uk/id/region/london,E12000007,1996-06,10712,monthly,19.4,21.97,21.0,18.81,19.23,1996-06-01
London,http://landregistry.data.gov.uk/id/region/london,E12000007,1996-07,12624,monthly,19.56,22.47,21.27,19.02,19.21,1996-07-01
London,http://landregistry.data.gov.uk/id/region/london,E12000007,1996-08,13021,monthly,19.62,22.69,21.43,19.22,19.04,1996-08-01
London,http://landregistry.data.gov.uk/id/region/london,E12000007,1996-09,11820,monthly,19.8,22.86,21.59,19.3,19.34,1996-09-01
London,http://landregistry.data.gov.uk/id/region/london,E12000007,1996-10,12767,monthly,19.74,23.0,21.57,19.22,19.23,1996-10-01
London,http://landregistry.data.gov.uk/id/region/london,E12000007,1996-11,13342,monthly,19.91,22.69,21.65,19.48,19.47,1996-11-01
London,http://landregistry.data.gov.uk/id/region/london,E12000007,1996-12,13028,monthly,20.21,23.0,22.12,19.72,19.73,1996-12-01
London,http://landregistry.data.gov.uk/id/region/london,E12000007,1997-01,10762,monthly,20.62,23.67,22.41,20.1,20.21,1997-01-01
London,http://landregistry.data.gov.uk/id/region/london,E12000007,1997-02,10495,monthly,20.75,23.73,22.34,20.09,20.56,1997-02-01
London,http://landregistry.data.gov.uk/id/region/london,E12000007,1997-03,11648,monthly,20.99,23.9,22.65,20.44,20.71,1997-03-01
London,http://landregistry.data.gov.uk/id/region/london,E12000007,1997-04,12206,monthly,21.37,24.26,23.08,20.76,21.11,1997-04-01
London,http://landregistry.data.gov.uk/id/region/london,E12000007,1997-05,13154,monthly,21.98,25.07,23.8,21.37,21.65,1997-05-01
London,http://landregistry.data.gov.uk/id/region/london,E12000007,1997-06,13732,monthly,22.15,25.56,23.99,21.67,21.66,1997-06-01
London,http://landregistry.data.gov.uk/id/region/london,E12000007,1997-07,15757,monthly,22.87,26.4,24.87,22.41,22.28,1997-07-01
London,http://landregistry.data.gov.uk/id/region/london,E12000007,1997-08,14233,monthly,22.87,26.65,25.04,22.3,22.27,1997-08-01
London,http://landregistry.data.gov.uk/id/region/london,E12000007,1997-09,13516,monthly,23.38,27.31,25.54,22.74,22.84,1997-09-01
London,http://landregistry.data.gov.uk/id/region/london,E12000007,1997-10,14096,monthly,23.31,27.28,25.55,22.69,22.73,1997-10-01
London,http://landregistry.data.gov.uk/id/region/london,E12000007,1997-11,11985,monthly,23.59,27.75,25.82,22.89,23.06,1997-11-01
London,http://landregistry.data.gov.uk/id/region/london,E12000007,1997-12,12759,monthly,24.04,27.8,26.36,23.42,23.46,1997-12-01
London,http://landregistry.data.gov.uk/id/region/london,E12000007,1998-01,9867,monthly,24.31,28.59,26.47,23.74,23.67,1998-01-01
London,http://landregistry.data.gov.uk/id/region/london,E12000007,1998-02,9419,monthly,24.06,27.67,26.21,23.28,23.68,1998-02-01
London,http://landregistry.data.gov.uk/id/region/london,E12000007,1998-03,11654,monthly,24.56,28.14,26.64,23.83,24.15,1998-03-01
London,http://landregistry.data.gov.uk/id/region/london,E12000007,1998-04,11829,monthly,25.14,28.89,27.32,24.42,24.68,1998-04-01
London,http://landregistry.data.gov.uk/id/region/london,E12000007,1998-05,12242,monthly,25.09,28.63,27.35,24.5,24.51,1998-05-01
London,http://landregistry.data.gov.uk/id/region/london,E12000007,1998-06,13441,monthly,25.54,29.11,27.68,24.78,25.14,1998-06-01
London,http://landregistry.data.gov.uk/id/region/london,E12000007,1998-07,14954,monthly,25.91,30.1,28.36,25.21,25.28,1998-07-01
London,http://landregistry.data.gov.uk/id/region/london,E12000007,1998-08,12931,monthly,25.84,30.49,28.3,25.16,25.16,1998-08-01
London,http://landregistry.data.gov.uk/id/region/london,E12000007,1998-09,13122,monthly,25.97,30.45,28.44,25.26,25.32,1998-09-01
London,http://landregistry.data.gov.uk/id/region/london,E12000007,1998-10,12601,monthly,25.86,30.32,28.36,24.94,25.38,1998-10-01
London,http://landregistry.data.gov.uk/id/region/london,E12000007,1998-11,11801,monthly,25.88,30.39,28.4,24.93,25.42,1998-11-01
London,http://landregistry.data.gov.uk/id/region/london,E12000007,1998-12,12081,monthly,26.01,29.86,28.4,25.19,25.55,1998-12-01
London,http://landregistry.data.gov.uk/id/region/london,E12000007,1999-01,9310,monthly,26.24,30.47,28.55,25.26,25.89,1999-01-01
London,http://landregistry.data.gov.uk/id/region/london,E12000007,1999-02,9497,monthly,26.13,30.33,28.44,25.15,25.8,1999-02-01
London,http://landregistry.data.gov.uk/id/region/london,E12000007,1999-03,12774,monthly,26.66,30.62,28.82,25.69,26.39,1999-03-01
London,http://landregistry.data.gov.uk/id/region/london,E12000007,1999-04,12763,monthly,27.21,31.28,29.39,26.44,26.77,1999-04-01
London,http://landregistry.data.gov.uk/id/region/london,E12000007,1999-05,12722,monthly,27.61,31.24,29.62,26.71,27.37,1999-05-01
London,http://landregistry.data.gov.uk/id/region/london,E12000007,1999-06,15578,monthly,28.13,32.33,30.38,27.3,27.71,1999-06-01
London,http://landregistry.data.gov.uk/id/region/london,E12000007,1999-07,18420,monthly,29.05,33.55,31.2,28.23,28.63,1999-07-01
London,http://landregistry.data.gov.uk/id/region/london,E12000007,1999-08,16329,monthly,29.63,33.93,31.7,28.79,29.28,1999-08-01
London,http://landregistry.data.gov.uk/id/region/london,E12000007,1999-09,15627,monthly,30.44,35.02,32.32,29.26,30.39,1999-09-01
London,http://landregistry.data.gov.uk/id/region/london,E12000007,1999-10,15681,monthly,30.53,35.2,32.82,29.32,30.36,1999-10-01
London,http://landregistry.data.gov.uk/id/region/london,E12000007,1999-11,15251,monthly,31.23,35.93,33.49,30.16,30.95,1999-11-01
London,http://landregistry.data.gov.uk/id/region/london,E12000007,1999-12,15124,monthly,31.75,35.69,33.72,30.5,31.8,1999-12-01
London,http://landregistry.data.gov.uk/id/region/london,E12000007,2000-01,11333,monthly,32.37,37.79,35.05,31.26,31.92,2000-01-01
London,http://landregistry.data.gov.uk/id/region/london,E12000007,2000-02,11414,monthly,32.94,37.63,35.05,31.72,32.79,2000-02-01
London,http://landregistry.data.gov.uk/id/region/london,E12000007,2000-03,14645,monthly,33.33,38.28,35.69,32.27,32.98,2000-03-01
London,http://landregistry.data.gov.uk/id/region/london,E12000007,2000-04,12667,monthly,34.92,39.54,36.92,33.42,34.99,2000-04-01
London,http://landregistry.data.gov.uk/id/region/london,E12000007,2000-05,13099,monthly,34.97,40.04,37.46,33.6,34.77,2000-05-01
London,http://landregistry.data.gov.uk/id/region/london,E12000007,2000-06,14270,monthly,35.63,40.19,37.94,34.13,35.62,2000-06-01
London,http://landregistry.data.gov.uk/id/region/london,E12000007,2000-07,13278,monthly,36.3,42.1,38.86,34.89,36.05,2000-07-01
London,http://landregistry.data.gov.uk/id/region/london,E12000007,2000-08,12690,monthly,36.56,41.95,39.05,34.8,36.61,2000-08-01
London,http://landregistry.data.gov.uk/id/region/london,E12000007,2000-09,11521,monthly,36.57,42.34,38.85,34.88,36.59,2000-09-01
London,http://landregistry.data.gov.uk/id/region/london,E12000007,2000-10,11068,monthly,36.15,42.34,39.14,34.49,35.92,2000-10-01
London,http://landregistry.data.gov.uk/id/region/london,E12000007,2000-11,11301,monthly,36.66,42.26,38.72,34.65,36.98,2000-11-01
London,http://landregistry.data.gov.uk/id/region/london,E12000007,2000-12,11983,monthly,36.61,41.37,38.68,34.72,36.92,2000-12-01
London,http://landregistry.data.gov.uk/id/region/london,E12000007,2001-01,10315,monthly,37.12,42.19,39.28,35.4,37.26,2001-01-01
London,http://landregistry.data.gov.uk/id/region/london,E12000007,2001-02,9963,monthly,37.18,42.62,39.67,35.56,37.1,2001-02-01
London,http://landregistry.data.gov.uk/id/region/london,E12000007,2001-03,12882,monthly,37.47,42.04,39.54,35.74,37.68,2001-03-01
London,http://landregistry.data.gov.uk/id/region/london,E12000007,2001-04,12330,monthly,37.95,42.71,39.83,36.31,38.14,2001-04-01
London,http://landregistry.data.gov.uk/id/region/london,E12000007,2001-05,13965,monthly,39.01,43.06,40.72,37.27,39.4,2001-05-01
London,http://landregistry.data.gov.uk/id/region/london,E12000007,2001-06,15564,monthly,39.41,43.3,41.06,37.37,40.06,2001-06-01
London,http://landregistry.data.gov.uk/id/region/london,E12000007,2001-07,16048,monthly,40.0,45.34,42.29,38.15,40.16,2001-07-01
London,http://landregistry.data.gov.uk/id/region/london,E12000007,2001-08,17306,monthly,40.87,45.85,42.77,38.97,41.23,2001-08-01
London,http://landregistry.data.gov.uk/id/region/london,E12000007,2001-09,13820,monthly,40.91,46.29,42.97,39.0,41.2,2001-09-01
London,http://landregistry.data.gov.uk/id/region/london,E12000007,2001-10,14320,monthly,41.25,46.86,43.65,39.4,41.37,2001-10-01
London,http://landregistry.data.gov.uk/id/region/london,E12000007,2001-11,14294,monthly,41.51,46.61,43.82,39.41,41.88,2001-11-01
London,http://landregistry.data.gov.uk/id/region/london,E12000007,2001-12,11937,monthly,41.63,45.82,43.52,39.22,42.45,2001-12-01
London,http://landregistry.data.gov.uk/id/region/london,E12000007,2002-01,10337,monthly,42.16,47.42,44.65,39.97,42.53,2002-01-01
London,http://landregistry.data.gov.uk/id/region/london,E12000007,2002-02,10786,monthly,42.32,46.74,44.35,40.28,42.8,2002-02-01
London,http://landregistry.data.gov.uk/id/region/london,E12000007,2002-03,13747,monthly,42.88,47.32,44.92,40.73,43.44,2002-03-01
London,http://landregistry.data.gov.uk/id/region/london,E12000007,2002-04,14025,monthly,44.24,48.41,46.0,41.72,45.2,2002-04-01
London,http://landregistry.data.gov.uk/id/region/london,E12000007,2002-05,17735,monthly,45.38,49.43,47.42,42.98,46.15,2002-05-01
London,http://landregistry.data.gov.uk/id/region/london,E12000007,2002-06,14368,monthly,46.18,49.73,47.58,43.6,47.37,2002-06-01
London,http://landregistry.data.gov.uk/id/region/london,E12000007,2002-07,18061,monthly,47.45,52.44,49.57,45.17,48.03,2002-07-01
London,http://landregistry.data.gov.uk/id/region/london,E12000007,2002-08,17567,monthly,48.49,53.08,50.69,46.25,49.04,2002-08-01
London,http://landregistry.data.gov.uk/id/region/london,E12000007,2002-09,15091,monthly,48.91,53.69,51.42,46.56,49.43,2002-09-01
London,http://landregistry.data.gov.uk/id/region/london,E12000007,2002-10,14509,monthly,49.42,54.43,52.34,47.12,49.74,2002-10-01
London,http://landregistry.data.gov.uk/id/region/london,E12000007,2002-11,14324,monthly,50.27,55.48,52.73,47.73,50.91,2002-11-01
London,http://landregistry.data.gov.uk/id/region/london,E12000007,2002-12,13443,monthly,50.5,54.87,53.48,48.03,50.98,2002-12-01
London,http://landregistry.data.gov.uk/id/region/london,E12000007,2003-01,11365,monthly,51.42,56.38,53.96,49.4,51.66,2003-01-01
London,http://landregistry.data.gov.uk/id/region/london,E12000007,2003-02,10320,monthly,51.25,55.82,54.38,48.93,51.55,2003-02-01
London,http://landregistry.data.gov.uk/id/region/london,E12000007,2003-03,10600,monthly,51.03,55.86,54.05,48.84,51.24,2003-03-01
London,http://landregistry.data.gov.uk/id/region/london,E12000007,2003-04,10380,monthly,51.62,55.94,54.69,49.18,52.05,2003-04-01
London,http://landregistry.data.gov.uk/id/region/london,E12000007,2003-05,11169,monthly,52.27,56.35,55.43,50.31,52.33,2003-05-01
London,http://landregistry.data.gov.uk/id/region/london,E12000007,2003-06,11990,monthly,51.87,56.18,54.93,49.61,52.15,2003-06-01
London,http://landregistry.data.gov.uk/id/region/london,E12000007,2003-07,13468,monthly,53.07,57.36,56.38,51.06,53.1,2003-07-01
London,http://landregistry.data.gov.uk/id/region/london,E12000007,2003-08,14417,monthly,52.8,57.0,56.04,50.9,52.76,2003-08-01
London,http://landregistry.data.gov.uk/id/region/london,E12000007,2003-09,14741,monthly,52.85,57.67,56.39,51.0,52.63,2003-09-01
London,http://landregistry.data.gov.uk/id/region/london,E12000007,2003-10,15741,monthly,53.27,57.52,56.66,51.45,53.13,2003-10-01
London,http://landregistry.data.gov.uk/id/region/london,E12000007,2003-11,14754,monthly,53.51,57.19,56.65,51.73,53.47,2003-11-01
London,http://landregistry.data.gov.uk/id/region/london,E12000007,2003-12,14839,monthly,53.86,56.61,56.77,51.76,54.21,2003-12-01
London,http://landregistry.data.gov.uk/id/region/london,E12000007,2004-01,12767,monthly,54.33,58.42,57.5,52.46,54.3,2004-01-01
London,http://landregistry.data.gov.uk/id/region/london,E12000007,2004-02,12160,monthly,54.56,58.51,57.87,52.92,54.36,2004-02-01
London,http://landregistry.data.gov.uk/id/region/london,E12000007,2004-03,14409,monthly,54.94,58.12,57.51,53.18,55.09,2004-03-01
London,http://landregistry.data.gov.uk/id/region/london,E12000007,2004-04,14873,monthly,56.07,58.59,59.04,54.63,55.93,2004-04-01
London,http://landregistry.data.gov.uk/id/region/london,E12000007,2004-05,13613,monthly,56.43,57.86,59.19,54.82,56.55,2004-05-01
London,http://landregistry.data.gov.uk/id/region/london,E12000007,2004-06,16163,monthly,57.13,58.95,59.72,55.25,57.45,2004-06-01
London,http://landregistry.data.gov.uk/id/region/london,E12000007,2004-07,17612,monthly,58.06,60.19,61.11,56.65,57.9,2004-07-01
London,http://landregistry.data.gov.uk/id/region/london,E12000007,2004-08,15020,monthly,58.29,60.92,61.17,56.83,58.19,2004-08-01
London,http://landregistry.data.gov.uk/id/region/london,E12000007,2004-09,13500,monthly,58.12,60.74,61.06,56.71,57.97,2004-09-01
London,http://landregistry.data.gov.uk/id/region/london,E12000007,2004-10,12031,monthly,57.66,60.33,60.71,56.26,57.47,2004-10-01
London,http://landregistry.data.gov.uk/id/region/london,E12000007,2004-11,10790,monthly,58.26,60.43,61.01,56.66,58.33,2004-11-01
London,http://landregistry.data.gov.uk/id/region/london,E12000007,2004-12,10859,monthly,57.14,59.36,59.85,55.64,57.14,2004-12-01
London,http://landregistry.data.gov.uk/id/region/london,E12000007,2005-01,8020,monthly,57.69,60.29,60.27,56.38,57.59,2005-01-01
London,http://landregistry.data.gov.uk/id/region/london,E12000007,2005-02,7829,monthly,57.42,59.55,60.08,56.06,57.36,2005-02-01
London,http://landregistry.data.gov.uk/id/region/london,E12000007,2005-03,9361,monthly,57.41,59.2,59.82,56.19,57.35,2005-03-01
London,http://landregistry.data.gov.uk/id/region/london,E12000007,2005-04,10290,monthly,58.43,59.61,60.8,57.29,58.37,2005-04-01
London,http://landregistry.data.gov.uk/id/region/london,E12000007,2005-05,10649,monthly,58.5,60.25,61.1,57.2,58.45,2005-05-01
London,http://landregistry.data.gov.uk/id/region/london,E12000007,2005-06,12308,monthly,58.56,59.59,60.93,57.69,58.34,2005-06-01
London,http://landregistry.data.gov.uk/id/region/london,E12000007,2005-07,13536,monthly,59.05,60.42,61.65,58.02,58.84,2005-07-01
London,http://landregistry.data.gov.uk/id/region/london,E12000007,2005-08,13208,monthly,59.07,60.51,61.16,58.01,59.04,2005-08-01
London,http://landregistry.data.gov.uk/id/region/london,E12000007,2005-09,13541,monthly,58.81,60.75,61.52,58.04,58.36,2005-09-01
London,http://landregistry.data.gov.uk/id/region/london,E12000007,2005-10,12382,monthly,58.16,59.58,60.64,57.26,57.9,2005-10-01
London,http://landregistry.data.gov.uk/id/region/london,E12000007,2005-11,12568,monthly,58.72,59.91,61.08,57.84,58.5,2005-11-01
London,http://landregistry.data.gov.uk/id/region/london,E12000007,2005-12,13144,monthly,59.17,59.04,60.47,57.98,59.58,2005-12-01
London,http://landregistry.data.gov.uk/id/region/london,E12000007,2006-01,10862,monthly,59.54,61.07,61.79,58.69,59.3,2006-01-01
London,http://landregistry.data.gov.uk/id/region/london,E12000007,2006-02,10885,monthly,59.36,60.34,61.44,58.29,59.36,2006-02-01
London,http://landregistry.data.gov.uk/id/region/london,E12000007,2006-03,13982,monthly,59.92,61.08,61.89,59.02,59.84,2006-03-01
London,http://landregistry.data.gov.uk/id/region/london,E12000007,2006-04,11953,monthly,60.93,61.26,62.77,60.09,60.93,2006-04-01
London,http://landregistry.data.gov.uk/id/region/london,E12000007,2006-05,13349,monthly,61.46,61.92,63.11,60.4,61.63,2006-05-01
London,http://landregistry.data.gov.uk/id/region/london,E12000007,2006-06,16075,monthly,62.41,62.67,63.84,61.55,62.54,2006-06-01
London,http://landregistry.data.gov.uk/id/region/london,E12000007,2006-07,16182,monthly,63.02,63.64,64.89,62.58,62.73,2006-07-01
London,http://landregistry.data.gov.uk/id/region/london,E12000007,2006-08,16833,monthly,63.72,64.37,65.46,63.07,63.6,2006-08-01
London,http://landregistry.data.gov.uk/id/region/london,E12000007,2006-09,15674,monthly,63.93,64.99,65.72,63.05,63.9,2006-09-01
London,http://landregistry.data.gov.uk/id/region/london,E12000007,2006-10,15193,monthly,64.32,64.99,65.95,63.39,64.4,2006-10-01
London,http://landregistry.data.gov.uk/id/region/london,E12000007,2006-11,15230,monthly,64.25,65.22,66.25,63.61,64.0,2006-11-01
London,http://landregistry.data.gov.uk/id/region/london,E12000007,2006-12,15232,monthly,65.66,66.08,67.06,64.73,65.82,2006-12-01
London,http://landregistry.data.gov.uk/id/region/london,E12000007,2007-01,12794,monthly,66.44,66.78,67.73,65.62,66.59,2007-01-01
London,http://landregistry.data.gov.uk/id/region/london,E12000007,2007-02,12194,monthly,67.22,67.48,68.38,65.81,67.74,2007-02-01
London,http://landregistry.data.gov.uk/id/region/london,E12000007,2007-03,14546,monthly,67.89,68.13,68.97,67.05,68.11,2007-03-01
London,http://landregistry.data.gov.uk/id/region/london,E12000007,2007-04,12568,monthly,69.21,68.95,70.1,68.63,69.37,2007-04-01
London,http://landregistry.data.gov.uk/id/region/london,E12000007,2007-05,14059,monthly,70.18,69.31,70.8,69.07,70.79,2007-05-01
London,http://landregistry.data.gov.uk/id/region/london,E12000007,2007-06,15799,monthly,70.98,70.61,71.52,69.9,71.56,2007-06-01
London,http://landregistry.data.gov.uk/id/region/london,E12000007,2007-07,16037,monthly,73.4,73.68,74.38,72.38,73.76,2007-07-01
London,http://landregistry.data.gov.uk/id/region/london,E12000007,2007-08,16824,monthly,73.89,73.47,74.2,73.11,74.35,2007-08-01
London,http://landregistry.data.gov.uk/id/region/london,E12000007,2007-09,13748,monthly,74.08,74.37,74.53,72.76,74.76,2007-09-01
London,http://landregistry.data.gov.uk/id/region/london,E12000007,2007-10,13890,monthly,74.11,74.77,74.49,72.77,74.8,2007-10-01
London,http://landregistry.data.gov.uk/id/region/london,E12000007,2007-11,13174,monthly,73.89,75.39,75.2,72.61,74.2,2007-11-01
London,http://landregistry.data.gov.uk/id/region/london,E12000007,2007-12,9938,monthly,73.97,74.21,74.66,72.45,74.71,2007-12-01
London,http://landregistry.data.gov.uk/id/region/london,E12000007,2008-01,8541,monthly,74.12,75.65,75.02,72.93,74.5,2008-01-01
London,http://landregistry.data.gov.uk/id/region/london,E12000007,2008-02,8773,monthly,73.4,74.38,74.43,72.05,73.88,2008-02-01
London,http://landregistry.data.gov.uk/id/region/london,E12000007,2008-03,8002,monthly,72.88,73.7,74.08,72.09,73.02,2008-03-01
London,http://landregistry.data.gov.uk/id/region/london,E12000007,2008-04,8074,monthly,73.07,75.01,74.06,72.06,73.29,2008-04-01
London,http://landregistry.data.gov.uk/id/region/london,E12000007,2008-05,8075,monthly,73.27,73.98,74.33,72.21,73.6,2008-05-01
London,http://landregistry.data.gov.uk/id/region/london,E12000007,2008-06,7540,monthly,72.01,72.98,73.09,71.38,72.09,2008-06-01
London,http://landregistry.data.gov.uk/id/region/london,E12000007,2008-07,6935,monthly,72.05,73.47,72.79,70.62,72.61,2008-07-01
London,http://landregistry.data.gov.uk/id/region/london,E12000007,2008-08,5982,monthly,69.93,71.6,71.16,68.79,70.19,2008-08-01
London,http://landregistry.data.gov.uk/id/region/london,E12000007,2008-09,5191,monthly,68.63,70.51,69.26,67.14,69.22,2008-09-01
London,http://landregistry.data.gov.uk/id/region/london,E12000007,2008-10,5225,monthly,66.28,68.15,67.0,64.29,67.1,2008-10-01
London,http://landregistry.data.gov.uk/id/region/london,E12000007,2008-11,4078,monthly,64.2,66.32,65.43,63.04,64.43,2008-11-01
London,http://landregistry.data.gov.uk/id/region/london,E12000007,2008-12,4505,monthly,63.02,64.62,64.35,62.1,63.13,2008-12-01
London,http://landregistry.data.gov.uk/id/region/london,E12000007,2009-01,3269,monthly,62.83,65.23,63.75,61.15,63.39,2009-01-01
London,http://landregistry.data.gov.uk/id/region/london,E12000007,2009-02,3251,monthly,62.02,62.57,62.81,60.49,62.72,2009-02-01
London,http://landregistry.data.gov.uk/id/region/london,E12000007,2009-03,4097,monthly,61.38,61.98,61.84,59.67,62.31,2009-03-01
London,http://landregistry.data.gov.uk/id/region/london,E12000007,2009-04,4323,monthly,60.9,61.43,61.85,59.63,61.38,2009-04-01
London,http://landregistry.data.gov.uk/id/region/london,E12000007,2009-05,5011,monthly,62.06,62.18,62.72,60.67,62.75,2009-05-01
London,http://landregistry.data.gov.uk/id/region/london,E12000007,2009-06,6001,monthly,62.95,63.02,63.49,62.16,63.3,2009-06-01
London,http://landregistry.data.gov.uk/id/region/london,E12000007,2009-07,7900,monthly,64.49,65.16,65.74,63.88,64.41,2009-07-01
London,http://landregistry.data.gov.uk/id/region/london,E12000007,2009-08,7548,monthly,65.06,66.16,66.59,64.54,64.78,2009-08-01
London,http://landregistry.data.gov.uk/id/region/london,E12000007,2009-09,7920,monthly,66.4,66.88,67.13,65.46,66.75,2009-09-01
London,http://landregistry.data.gov.uk/id/region/london,E12000007,2009-10,8449,monthly,66.72,67.9,68.16,66.14,66.51,2009-10-01
London,http://landregistry.data.gov.uk/id/region/london,E12000007,2009-11,7962,monthly,66.24,67.4,67.4,66.05,65.87,2009-11-01
London,http://landregistry.data.gov.uk/id/region/london,E12000007,2009-12,9500,monthly,67.05,67.6,68.64,66.84,66.62,2009-12-01
London,http://landregistry.data.gov.uk/id/region/london,E12000007,2010-01,6212,monthly,69.44,70.67,71.02,69.34,68.86,2010-01-01
London,http://landregistry.data.gov.uk/id/region/london,E12000007,2010-02,6312,monthly,69.2,70.54,71.11,69.17,68.46,2010-02-01
London,http://landregistry.data.gov.uk/id/region/london,E12000007,2010-03,7308,monthly,69.62,71.66,71.19,68.92,69.34,2010-03-01
London,http://landregistry.data.gov.uk/id/region/london,E12000007,2010-04,7032,monthly,70.0,71.36,71.58,69.56,69.62,2010-04-01
London,http://landregistry.data.gov.uk/id/region/london,E12000007,2010-05,7106,monthly,69.94,71.59,71.6,69.82,69.32,2010-05-01
London,http://landregistry.data.gov.uk/id/region/london,E12000007,2010-06,8756,monthly,70.63,72.13,72.05,70.51,70.1,2010-06-01
London,http://landregistry.data.gov.uk/id/region/london,E12000007,2010-07,9461,monthly,72.68,75.35,74.48,72.94,71.68,2010-07-01
London,http://landregistry.data.gov.uk/id/region/london,E12000007,2010-08,8570,monthly,72.15,74.34,74.66,72.14,71.12,2010-08-01
London,http://landregistry.data.gov.uk/id/region/london,E12000007,2010-09,8194,monthly,72.01,75.23,74.2,72.12,70.92,2010-09-01
London,http://landregistry.data.gov.uk/id/region/london,E12000007,2010-10,7871,monthly,71.03,73.76,73.23,70.88,70.13,2010-10-01
London,http://landregistry.data.gov.uk/id/region/london,E12000007,2010-11,7663,monthly,70.07,73.4,72.77,69.61,69.15,2010-11-01
London,http://landregistry.data.gov.uk/id/region/london,E12000007,2010-12,7448,monthly,70.83,73.34,73.03,70.4,70.13,2010-12-01
London,http://landregistry.data.gov.uk/id/region/london,E12000007,2011-01,5870,monthly,71.49,75.5,73.55,71.3,70.53,2011-01-01
London,http://landregistry.data.gov.uk/id/region/london,E12000007,2011-02,5796,monthly,70.8,74.82,72.87,70.07,70.18,2011-02-01
London,http://landregistry.data.gov.uk/id/region/london,E12000007,2011-03,6675,monthly,71.27,75.31,72.52,70.29,71.07,2011-03-01
London,http://landregistry.data.gov.uk/id/region/london,E12000007,2011-04,6903,monthly,72.98,74.89,73.46,72.17,73.17,2011-04-01
London,http://landregistry.data.gov.uk/id/region/london,E12000007,2011-05,6460,monthly,70.68,72.6,72.55,70.16,70.2,2011-05-01
London,http://landregistry.data.gov.uk/id/region/london,E12000007,2011-06,7846,monthly,70.97,71.9,72.22,70.41,70.84,2011-06-01
London,http://landregistry.data.gov.uk/id/region/london,E12000007,2011-07,8742,monthly,73.44,74.67,74.27,72.9,73.41,2011-07-01
London,http://landregistry.data.gov.uk/id/region/london,E12000007,2011-08,8998,monthly,73.2,75.16,75.02,73.36,72.34,2011-08-01
London,http://landregistry.data.gov.uk/id/region/london,E12000007,2011-09,8707,monthly,73.32,76.21,74.89,73.24,72.58,2011-09-01
London,http://landregistry.data.gov.uk/id/region/london,E12000007,2011-10,7871,monthly,72.55,76.06,75.02,72.11,71.67,2011-10-01
London,http://landregistry.data.gov.uk/id/region/london,E12000007,2011-11,7956,monthly,72.24,75.2,73.95,71.37,71.94,2011-11-01
London,http://landregistry.data.gov.uk/id/region/london,E12000007,2011-12,8217,monthly,72.55,74.46,74.37,72.0,72.13,2011-12-01
London,http://landregistry.data.gov.uk/id/region/london,E12000007,2012-01,6531,monthly,73.07,74.62,74.8,72.85,72.5,2012-01-01
London,http://landregistry.data.gov.uk/id/region/london,E12000007,2012-02,6659,monthly,72.58,76.59,75.23,72.75,71.28,2012-02-01
London,http://landregistry.data.gov.uk/id/region/london,E12000007,2012-03,9099,monthly,72.08,73.19,73.23,72.03,71.64,2012-03-01
London,http://landregistry.data.gov.uk/id/region/london,E12000007,2012-04,5961,monthly,74.24,75.57,75.17,73.8,74.06,2012-04-01
London,http://landregistry.data.gov.uk/id/region/london,E12000007,2012-05,7374,monthly,75.48,76.72,76.66,75.41,75.02,2012-05-01
London,http://landregistry.data.gov.uk/id/region/london,E12000007,2012-06,8132,monthly,76.16,76.37,76.65,76.49,75.79,2012-06-01
London,http://landregistry.data.gov.uk/id/region/london,E12000007,2012-07,8751,monthly,76.69,78.03,77.71,77.06,76.03,2012-07-01
London,http://landregistry.data.gov.uk/id/region/london,E12000007,2012-08,9073,monthly,76.96,78.3,78.17,77.49,76.15,2012-08-01
London,http://landregistry.data.gov.uk/id/region/london,E12000007,2012-09,7906,monthly,76.57,77.98,77.49,76.84,75.99,2012-09-01
London,http://landregistry.data.gov.uk/id/region/london,E12000007,2012-10,8146,monthly,77.02,78.13,77.94,77.02,76.62,2012-10-01
London,http://landregistry.data.gov.uk/id/region/london,E12000007,2012-11,8626,monthly,76.59,77.98,77.66,76.77,76.01,2012-11-01
London,http://landregistry.data.gov.uk/id/region/london,E12000007,2012-12,7601,monthly,77.88,78.61,78.14,78.17,77.55,2012-12-01
London,http://landregistry.data.gov.uk/id/region/london,E12000007,2013-01,6834,monthly,77.29,78.74,78.72,77.42,76.62,2013-01-01
London,http://landregistry.data.gov.uk/id/region/london,E12000007,2013-02,6693,monthly,77.83,78.67,78.28,77.83,77.57,2013-02-01
London,http://landregistry.data.gov.uk/id/region/london,E12000007,2013-03,7663,monthly,77.52,78.99,78.38,77.56,77.06,2013-03-01
London,http://landregistry.data.gov.uk/id/region/london,E12000007,2013-04,7388,monthly,79.66,79.73,79.34,79.53,79.77,2013-04-01
London,http://landregistry.data.gov.uk/id/region/london,E12000007,2013-05,9010,monthly,80.01,80.81,80.52,79.98,79.75,2013-05-01
London,http://landregistry.data.gov.uk/id/region/london,E12000007,2013-06,8930,monthly,80.56,80.75,80.62,80.79,80.34,2013-06-01
London,http://landregistry.data.gov.uk/id/region/london,E12000007,2013-07,10889,monthly,82.66,82.32,82.28,82.98,82.57,2013-07-01
London,http://landregistry.data.gov.uk/id/region/london,E12000007,2013-08,11153,monthly,83.34,83.53,83.67,83.89,82.88,2013-08-01
London,http://landregistry.data.gov.uk/id/region/london,E12000007,2013-09,10276,monthly,84.52,84.46,83.54,84.63,84.7,2013-09-01
London,http://landregistry.data.gov.uk/id/region/london,E12000007,2013-10,10935,monthly,84.41,84.65,84.42,84.1,84.49,2013-10-01
London,http://landregistry.data.gov.uk/id/region/london,E12000007,2013-11,11427,monthly,85.33,84.91,85.07,85.17,85.47,2013-11-01
London,http://landregistry.data.gov.uk/id/region/london,E12000007,2013-12,10775,monthly,87.38,85.08,85.96,87.02,88.16,2013-12-01
London,http://landregistry.data.gov.uk/id/region/london,E12000007,2014-01,9966,monthly,88.33,87.69,87.68,88.08,88.65,2014-01-01
London,http://landregistry.data.gov.uk/id/region/london,E12000007,2014-02,9363,monthly,88.84,88.47,88.08,88.32,89.29,2014-02-01
London,http://landregistry.data.gov.uk/id/region/london,E12000007,2014-03,9537,monthly,89.71,88.29,88.5,89.31,90.31,2014-03-01
London,http://landregistry.data.gov.uk/id/region/london,E12000007,2014-04,9809,monthly,93.17,92.56,92.32,93.35,93.34,2014-04-01
London,http://landregistry.data.gov.uk/id/region/london,E12000007,2014-05,10155,monthly,95.0,93.14,93.49,94.94,95.55,2014-05-01
London,http://landregistry.data.gov.uk/id/region/london,E12000007,2014-06,10486,monthly,96.11,94.03,94.58,96.33,96.55,2014-06-01
London,http://landregistry.data.gov.uk/id/region/london,E12000007,2014-07,11340,monthly,98.98,97.99,98.56,99.76,98.8,2014-07-01
London,http://landregistry.data.gov.uk/id/region/london,E12000007,2014-08,11243,monthly,100.47,99.44,99.93,101.4,100.26,2014-08-01
London,http://landregistry.data.gov.uk/id/region/london,E12000007,2014-09,10437,monthly,100.2,99.38,99.3,100.71,100.25,2014-09-01
London,http://landregistry.data.gov.uk/id/region/london,E12000007,2014-10,10773,monthly,99.86,99.67,99.78,100.3,99.7,2014-10-01
London,http://landregistry.data.gov.uk/id/region/london,E12000007,2014-11,9095,monthly,99.49,99.95,100.03,100.06,99.06,2014-11-01
London,http://landregistry.data.gov.uk/id/region/london,E12000007,2014-12,9745,monthly,100.01,99.48,99.46,100.13,100.13,2014-12-01
London,http://landregistry.data.gov.uk/id/region/london,E12000007,2015-01,8142,monthly,100.0,100.0,100.0,100.0,100.0,2015-01-01
London,http://landregistry.data.gov.uk/id/region/london,E12000007,2015-02,7937,monthly,100.48,100.67,100.38,100.49,100.48,2015-02-01
London,http://landregistry.data.gov.uk/id/region/london,E12000007,2015-03,8847,monthly,100.46,100.43,100.46,100.41,100.49,2015-03-01
London,http://landregistry.data.gov.uk/id/region/london,E12000007,2015-04,8323,monthly,101.89,102.17,101.81,102.49,101.56,2015-04-01
London,http://landregistry.data.gov.uk/id/region/london,E12000007,2015-05,9059,monthly,103.22,101.98,102.87,103.24,103.42,2015-05-01
London,http://landregistry.data.gov.uk/id/region/london,E12000007,2015-06,10721,monthly,104.13,103.85,104.49,105.56,103.3,2015-06-01
London,http://landregistry.data.gov.uk/id/region/london,E12000007,2015-07,11980,monthly,107.15,105.96,107.26,108.49,106.52,2015-07-01
London,http://landregistry.data.gov.uk/id/region/london,E12000007,2015-08,10499,monthly,108.27,108.39,109.13,109.78,107.22,2015-08-01
London,http://landregistry.data.gov.uk/id/region/london,E12000007,2015-09,10686,monthly,109.16,110.37,109.56,110.22,108.37,2015-09-01
London,http://landregistry.data.gov.uk/id/region/london,E12000007,2015-10,10926,monthly,109.34,110.94,111.3,111.36,107.62,2015-10-01
London,http://landregistry.data.gov.uk/id/region/london,E12000007,2015-11,9752,monthly,110.58,111.46,111.95,112.1,109.33,2015-11-01
London,http://landregistry.data.gov.uk/id/region/london,E12000007,2015-12,9700,monthly,111.72,113.64,113.68,113.2,110.24,2015-12-01
London,http://landregistry.data.gov.uk/id/region/london,E12000007,2016-01,7927,monthly,113.56,113.92,115.86,115.01,112.15,2016-01-01
London,http://landregistry.data.gov.uk/id/region/london,E12000007,2016-02,8208,monthly,113.63,116.2,116.63,115.58,111.58,2016-02-01
London,http://landregistry.data.gov.uk/id/region/london,E12000007,2016-03,17501,monthly,115.34,117.47,116.54,116.72,114.1,2016-03-01
London,http://landregistry.data.gov.uk/id/region/london,E12000007,2016-04,5746,monthly,114.45,115.65,116.89,116.72,112.51,2016-04-01
London,http://landregistry.data.gov.uk/id/region/london,E12000007,2016-05,6617,monthly,116.05,116.32,118.23,117.8,114.51,2016-05-01
London,http://landregistry.data.gov.uk/id/region/london,E12000007,2016-06,8464,monthly,116.2,119.05,118.73,118.22,114.21,2016-06-01
London,http://landregistry.data.gov.uk/id/region/london,E12000007,2016-07,8794,monthly,118.04,120.13,121.36,120.64,115.62,2016-07-01
London,http://landregistry.data.gov.uk/id/region/london,E12000007,2016-08,8535,monthly,117.16,119.58,120.48,119.42,114.87,2016-08-01
London,http://landregistry.data.gov.uk/id/region/london,E12000007,2016-09,8275,monthly,117.11,118.86,119.81,119.0,115.24,2016-09-01
London,http://landregistry.data.gov.uk/id/region/london,E12000007,2016-10,8100,monthly,116.92,118.81,119.93,117.97,115.39,2016-10-01
London,http://landregistry.data.gov.uk/id/region/london,E12000007,2016-11,8178,monthly,116.88,119.25,119.11,117.58,115.7,2016-11-01
London,http://landregistry.data.gov.uk/id/region/london,E12000007,2016-12,8460,monthly,117.26,119.31,119.15,118.22,116.06,2016-12-01
London,http://landregistry.data.gov.uk/id/region/london,E12000007,2017-01,6931,monthly,118.06,120.15,120.56,119.26,116.58,2017-01-01
London,http://landregistry.data.gov.uk/id/region/london,E12000007,2017-02,7108,monthly,118.34,119.43,119.36,118.02,118.08,2017-02-01
London,http://landregistry.data.gov.uk/id/region/london,E12000007,2017-03,8659,monthly,118.02,120.23,120.12,118.71,116.88,2017-03-01
London,http://landregistry.data.gov.uk/id/region/london,E12000007,2017-04,7120,monthly,119.1,120.94,120.3,119.36,118.43,2017-04-01
London,http://landregistry.data.gov.uk/id/region/london,E12000007,2017-05,7874,monthly,119.38,119.77,121.12,119.3,118.87,2017-05-01
London,http://landregistry.data.gov.uk/id/region/london,E12000007,2017-06,9192,monthly,119.19,119.78,120.6,120.03,118.28,2017-06-01
London,http://landregistry.data.gov.uk/id/region/london,E12000007,2017-07,8494,monthly,121.27,121.46,123.4,122.19,120.17,2017-07-01
London,http://landregistry.data.gov.uk/id/region/london,E12000007,2017-08,8921,monthly,120.91,121.68,122.88,122.55,119.45,2017-08-01
London,http://landregistry.data.gov.uk/id/region/london,E12000007,2017-09,8239,monthly,120.1,122.83,122.59,121.36,118.53,2017-09-01
London,http://landregistry.data.gov.uk/id/region/london,E12000007,2017-10,7990,monthly,119.59,122.24,122.99,120.8,117.82,2017-10-01
London,http://landregistry.data.gov.uk/id/region/london,E12000007,2017-11,7629,monthly,118.23,120.1,121.51,119.41,116.57,2017-11-01
London,http://landregistry.data.gov.uk/id/region/london,E12000007,2017-12,7883,monthly,118.37,120.93,121.46,119.74,116.6,2017-12-01
London,http://landregistry.data.gov.uk/id/region/london,E12000007,2018-01,6584,monthly,119.1,120.46,122.24,119.97,117.67,2018-01-01
London,http://landregistry.data.gov.uk/id/region/london,E12000007,2018-02,6386,monthly,118.62,120.79,121.74,119.7,117.05,2018-02-01
London,http://landregistry.data.gov.uk/id/region/london,E12000007,2018-03,7341,monthly,117.25,119.74,121.27,119.15,115.1,2018-03-01
London,http://landregistry.data.gov.uk/id/region/london,E12000007,2018-04,6500,monthly,118.43,121.09,122.87,120.64,116.05,2018-04-01
London,http://landregistry.data.gov.uk/id/region/london,E12000007,2018-05,6933,monthly,118.77,121.48,123.22,121.55,116.14,2018-05-01
London,http://landregistry.data.gov.uk/id/region/london,E12000007,2018-06,8055,monthly,119.19,122.57,124.57,121.64,116.44,2018-06-01
London,http://landregistry.data.gov.uk/id/region/london,E12000007,2018-07,8196,monthly,120.37,124.93,125.48,123.5,117.3,2018-07-01
London,http://landregistry.data.gov.uk/id/region/london,E12000007,2018-08,8843,monthly,119.24,122.76,123.68,121.93,116.59,2018-08-01
London,http://landregistry.data.gov.uk/id/region/london,E12000007,2018-09,7431,monthly,118.26,123.03,123.77,121.5,115.04,2018-09-01
London,http://landregistry.data.gov.uk/id/region/london,E12000007,2018-10,7491,monthly,119.5,123.46,124.31,122.37,116.65,2018-10-01
London,http://landregistry.data.gov.uk/id/region/london,E12000007,2018-11,7284,monthly,117.63,123.21,123.2,120.92,114.33,2018-11-01
London,http://landregistry.data.gov.uk/id/region/london,E12000007,2018-12,5872,monthly,117.39,121.49,123.26,120.3,114.28,2018-12-01
London,http://landregistry.data.gov.uk/id/region/london,E12000007,2019-01,,monthly,116.47,122.8,122.9,119.95,112.84,2019-01-01
London,http://landregistry.data.gov.uk/id/region/london,E12000007,2019-02,,monthly,114.14,120.04,120.55,118.44,110.15,2019-02-01
